{
  "metrics": {
    "accuracy": 0.452,
    "macro_precision": 0.5803682797682418,
    "macro_recall": 0.48541666666666666,
    "macro_f1": 0.4183284808144956,
    "weighted_precision": 0.596126061551543,
    "weighted_recall": 0.452,
    "weighted_f1": 0.41235223550059086,
    "per_class": {
      "abandoned": {
        "precision": 0.7407407407407407,
        "recall": 0.4,
        "f1": 0.5194805194805194,
        "support": 50
      },
      "high": {
        "precision": 0.30120481927710846,
        "recall": 1.0,
        "f1": 0.46296296296296297,
        "support": 100
      },
      "low": {
        "precision": 0.7795275590551181,
        "recall": 0.495,
        "f1": 0.6055045871559633,
        "support": 200
      },
      "medium": {
        "precision": 0.5,
        "recall": 0.04666666666666667,
        "f1": 0.08536585365853659,
        "support": 150
      }
    },
    "labels": [
      "abandoned",
      "high",
      "low",
      "medium"
    ],
    "auc_macro": 0.8752588293650794,
    "auc_weighted": 0.8368419841269842
  },
  "training_summary": {
    "training_method": "zero_shot_pipeline",
    "model_name": "MoritzLaurer/mDeBERTa-v3-base-mnli-xnli",
    "n_train": 1750
  },
  "model_info": {
    "classifier_type": "HFZeroShotPipelineClassifier",
    "is_trained": true,
    "config": {
      "model_name": "MoritzLaurer/mDeBERTa-v3-base-mnli-xnli",
      "text_source": "user",
      "hypothesis_template": "The user in this conversation is {}.",
      "device": 0
    }
  }
}