{
  "metrics": {
    "accuracy": 0.4925,
    "macro_precision": 0.5462271724172094,
    "macro_recall": 0.4925,
    "macro_f1": 0.44202037826885665,
    "weighted_precision": 0.5462271724172094,
    "weighted_recall": 0.4925,
    "weighted_f1": 0.44202037826885665,
    "per_class": {
      "abandoned": {
        "precision": 0.9662921348314607,
        "recall": 0.43,
        "f1": 0.5951557093425606,
        "support": 200
      },
      "high": {
        "precision": 0.36900369003690037,
        "recall": 1.0,
        "f1": 0.5390835579514824,
        "support": 200
      },
      "low": {
        "precision": 0.7191780821917808,
        "recall": 0.525,
        "f1": 0.6069364161849711,
        "support": 200
      },
      "medium": {
        "precision": 0.13043478260869565,
        "recall": 0.015,
        "f1": 0.026905829596412557,
        "support": 200
      }
    },
    "labels": [
      "abandoned",
      "high",
      "low",
      "medium"
    ],
    "auc_macro": 0.85205,
    "auc_weighted": 0.8520500000000001
  },
  "training_summary": {
    "training_method": "zero_shot_pipeline",
    "model_name": "MoritzLaurer/mDeBERTa-v3-base-mnli-xnli",
    "n_train": 2800
  },
  "model_info": {
    "classifier_type": "HFZeroShotPipelineClassifier",
    "is_trained": true,
    "config": {
      "model_name": "MoritzLaurer/mDeBERTa-v3-base-mnli-xnli",
      "text_source": "user",
      "hypothesis_template": "The user in this conversation is {}.",
      "device": 0
    }
  }
}