{
  "metrics": {
    "accuracy": 0.99,
    "macro_precision": 0.984936414785661,
    "macro_recall": 0.9908333333333332,
    "macro_f1": 0.9877828290797936,
    "weighted_precision": 0.9901235938823878,
    "weighted_recall": 0.99,
    "weighted_f1": 0.9900166215123976,
    "per_class": {
      "abandoned": {
        "precision": 0.9615384615384616,
        "recall": 1.0,
        "f1": 0.9803921568627451,
        "support": 50
      },
      "high": {
        "precision": 0.98989898989899,
        "recall": 0.98,
        "f1": 0.9849246231155779,
        "support": 100
      },
      "low": {
        "precision": 0.9949748743718593,
        "recall": 0.99,
        "f1": 0.9924812030075187,
        "support": 200
      },
      "medium": {
        "precision": 0.9933333333333333,
        "recall": 0.9933333333333333,
        "f1": 0.9933333333333333,
        "support": 150
      }
    },
    "labels": [
      "abandoned",
      "high",
      "low",
      "medium"
    ],
    "auc_macro": 0.9997924603174603,
    "auc_weighted": 0.9997131746031745
  },
  "training_summary": {
    "train_accuracy": 0.9903,
    "n_train": 1750,
    "val_accuracy": 1.0
  },
  "model_info": {
    "classifier_type": "TfidfMLClassifier",
    "is_trained": true,
    "config": {
      "text_source": "user",
      "ngram_range": [
        1,
        2
      ],
      "max_features": 12000,
      "lowercase": true,
      "stop_words": "english",
      "min_df": 2,
      "max_df": 0.95,
      "use_structural_features": true,
      "model_type": "logreg",
      "C": 2.0,
      "class_weight": "balanced",
      "calibrate": true,
      "random_state": 0
    }
  }
}