{
  "metrics": {
    "accuracy": 0.7266666666666667,
    "macro_precision": 0.7247201842979577,
    "macro_recall": 0.7780555555555555,
    "macro_f1": 0.6978782826650987,
    "weighted_precision": 0.827571924558583,
    "weighted_recall": 0.7266666666666667,
    "weighted_f1": 0.7175140644009563,
    "per_class": {
      "abandoned": {
        "precision": 0.35668789808917195,
        "recall": 0.7466666666666667,
        "f1": 0.4827586206896552,
        "support": 75
      },
      "high": {
        "precision": 0.7075471698113207,
        "recall": 1.0,
        "f1": 0.8287292817679558,
        "support": 150
      },
      "low": {
        "precision": 1.0,
        "recall": 0.42333333333333334,
        "f1": 0.594847775175644,
        "support": 300
      },
      "medium": {
        "precision": 0.8346456692913385,
        "recall": 0.9422222222222222,
        "f1": 0.8851774530271399,
        "support": 225
      }
    },
    "labels": [
      "abandoned",
      "high",
      "low",
      "medium"
    ],
    "auc_macro": 0.9846605379188713,
    "auc_weighted": 0.9914199294532627
  },
  "training_analysis": {
    "total_conversations": 1750,
    "label_distribution": {
      "abandoned": 175,
      "high": 350,
      "medium": 525,
      "low": 700
    },
    "avg_lengths": {
      "abandoned": 101.26285714285714,
      "high": 105.37142857142857,
      "medium": 191.13142857142856,
      "low": 128.89
    },
    "keyword_coverage": {
      "abandoned": 1.0,
      "high": 1.0,
      "medium": 1.0,
      "low": 0.9685714285714285
    }
  },
  "rule_importance": {
    "high_booking_commands": 30.0,
    "high_commitment_phrases": 21.0,
    "high_urgency": 5.0,
    "medium_comparison_questions": 16.0,
    "medium_specific_inquiries": 14.0,
    "medium_consideration_phrases": 5.0,
    "low_general_questions": 8.0,
    "low_browsing_behavior": 5.0,
    "abandoned_postponement": 15.0,
    "abandoned_session_end": 12.5
  }
}