{
  "metrics": {
    "accuracy": 0.6258333333333334,
    "macro_precision": 0.7218231884205879,
    "macro_recall": 0.6258333333333334,
    "macro_f1": 0.5459042242851236,
    "weighted_precision": 0.721823188420588,
    "weighted_recall": 0.6258333333333334,
    "weighted_f1": 0.5459042242851236,
    "per_class": {
      "abandoned": {
        "precision": 0.635593220338983,
        "recall": 0.75,
        "f1": 0.6880733944954128,
        "support": 300
      },
      "high": {
        "precision": 0.5870841487279843,
        "recall": 1.0,
        "f1": 0.7398273736128237,
        "support": 300
      },
      "low": {
        "precision": 1.0,
        "recall": 0.03333333333333333,
        "f1": 0.06451612903225806,
        "support": 300
      },
      "medium": {
        "precision": 0.6646153846153846,
        "recall": 0.72,
        "f1": 0.6912,
        "support": 300
      }
    },
    "labels": [
      "abandoned",
      "high",
      "low",
      "medium"
    ],
    "auc_macro": 0.9414532407407408,
    "auc_weighted": 0.941453240740741
  },
  "training_analysis": {
    "total_conversations": 2800,
    "label_distribution": {
      "medium": 700,
      "high": 700,
      "low": 700,
      "abandoned": 700
    },
    "avg_lengths": {
      "medium": 231.57857142857142,
      "high": 148.8942857142857,
      "low": 118.12142857142857,
      "abandoned": 125.54571428571428
    },
    "keyword_coverage": {
      "medium": 1.0,
      "high": 1.0,
      "low": 0.51,
      "abandoned": 0.9985714285714286
    }
  },
  "rule_importance": {
    "high_booking_commands": 30.0,
    "high_commitment_phrases": 21.0,
    "high_urgency": 5.0,
    "medium_comparison_questions": 16.0,
    "medium_specific_inquiries": 14.0,
    "medium_consideration_phrases": 5.0,
    "low_general_questions": 8.0,
    "low_browsing_behavior": 5.0,
    "abandoned_postponement": 15.0,
    "abandoned_session_end": 12.5
  }
}